Name,Address
스타벅스 더북한산점,서울 은평구 진관동
스타벅스 경동1960점,서울 동대문구 제기동
스타벅스 서울웨이브아트센터점,서울 서초구 잠원동
스타벅스 망원한강공원점,서울 마포구 망원동
스타벅스 서대문역점,서울 종로구 평동
스타벅스 파미에파크R점,서울 서초구 반포동
스타벅스 별다방점,서울 중구 회현동2가
스타벅스 더종로R점,서울 종로구 종로2가
스타벅스 강남구청정문점,서울 강남구 청담동
스타벅스 강남R점,서울 강남구 역삼동
스타벅스 서울역사점,서울 용산구 동자동
스타벅스 한국프레스센터점,서울 중구 태평로1가
스타벅스 레스케이프호텔R점,서울 중구 회현동1가
스타벅스 환구단점,서울 중구 소공동
스타벅스 시청점,서울 중구 을지로1가
스타벅스 청량리역사점,서울 동대문구 전농동
스타벅스 강동역점,서울 강동구 천호동
스타벅스 잠실시그마타워점,서울 송파구 신천동
스타벅스 용산아이파크몰점,서울 용산구 한강로3가
스타벅스 마곡사이언스타워R점,서울 강서구 마곡동
스타벅스 여의도IFC몰(L1)R점,서울 영등포구 여의도동
스타벅스 스타필드코엑스몰R점,서울 강남구 삼성동
스타벅스 봉천역점,서울 관악구 봉천동
스타벅스 광화문점,서울 종로구 세종로
스타벅스 강남2점,서울 서초구 서초동
스타벅스 보라매공원R점,서울 동작구 신대방동
스타벅스 무교로점,서울 중구 무교동
스타벅스 용산역써밋R점,서울 용산구 한강로2가
스타벅스 서울대역점,서울 관악구 봉천동
스타벅스 왕십리역9번출구점,서울 성동구 행당동
스타벅스 청담사거리점,서울 강남구 청담동
스타벅스 삼청동점,서울 종로구 삼청동
스타벅스 더현대서울(B2)R점,서울 영등포구 여의도동
스타벅스 코엑스몰점,서울 강남구 삼성동
스타벅스 공덕점,서울 마포구 공덕동
스타벅스 성신여대점,서울 성북구 동선동1가
스타벅스리저브더현대서울,서울 영등포구 여의도동
스타벅스 종로3가점,서울 종로구 종로3가
스타벅스 신용산역점,서울 용산구 한강로2가
스타벅스 노량진역점,서울 동작구 노량진동
스타벅스 잠실대교남단R점,서울 송파구 신천동
스타벅스 코엑스아셈타워점,서울 강남구 삼성동
스타벅스 마곡나루공원점,서울 강서구 마곡동
스타벅스 역삼아레나빌딩점,서울 강남구 역삼동
스타벅스 구로고척점,서울 구로구 고척동
스타벅스 서울숲역점,서울 성동구 성수동1가
스타벅스 노원역점,서울 노원구 상계동
스타벅스 발산역점,서울 강서구 등촌동
스타벅스 압구정역점,서울 강남구 신사동
스타벅스 송파NC점,서울 송파구 문정동
스타벅스 센트럴시티점,서울 서초구 반포동
스타벅스 신림DT점,서울 관악구 신림동
스타벅스 혜화역점,서울 종로구 동숭동
스타벅스 사당역점,서울 동작구 사당동
스타벅스 상수역점,서울 마포구 상수동
스타벅스 영등포신길점,서울 영등포구 신길동
스타벅스 사가정역점,서울 중랑구 면목동
스타벅스 진관DT점,서울 은평구 진관동
스타벅스 이대R점,서울 서대문구 대현동
스타벅스 왕십리역점,서울 성동구 도선동
스타벅스 문정법원로R점,서울 송파구 문정동
스타벅스 잠실새내역점,서울 송파구 잠실동
스타벅스 김포공항DT점,서울 강서구 방화동
스타벅스 사당점,서울 관악구 남현동
스타벅스 몬테소리점,서울 서초구 서초동
스타벅스 홍제역점,서울 서대문구 홍제동
스타벅스 관악서울대입구R점,서울 관악구 봉천동
스타벅스 수유역점,서울 강북구 번동
스타벅스 압구정로데오역점,서울 강남구 청담동
스타벅스 까치산역점,서울 강서구 화곡동
스타벅스 도산사거리점,서울 강남구 논현동
스타벅스 광화문우체국점,서울 종로구 서린동
스타벅스 어린이대공원역점,서울 광진구 군자동
스타벅스 한강진역R점,서울 용산구 한남동
스타벅스 문정역점,서울 송파구 문정동
스타벅스 구파발사거리점,서울 은평구 진관동
스타벅스 송파KT점,서울 송파구 신천동
스타벅스 군자역점,서울 광진구 군자동
스타벅스 송파마천사거리DT점,서울 송파구 마천동
스타벅스 홍대역점,서울 마포구 동교동
스타벅스 목동트라팰리스점,서울 양천구 목동
스타벅스 강남교보타워R점,서울 서초구 서초동
스타벅스 디지털미디어시티역점,서울 마포구 상암동
스타벅스 창동이마트점,서울 도봉구 창동
스타벅스 양재강남빌딩R점,서울 강남구 도곡동
스타벅스 길음역점,서울 성북구 돈암동
스타벅스 신림점,서울 관악구 신림동
스타벅스 양원역점,서울 중랑구 망우동
스타벅스 청담스타R점,서울 강남구 청담동
스타벅스 공릉역점,서울 노원구 공릉동
스타벅스 공릉DT점,서울 노원구 공릉동
스타벅스 강남구청역점,서울 강남구 논현동
스타벅스 올림픽대교북단점,서울 광진구 구의동
스타벅스 구로호텔점,서울 구로구 구로동
스타벅스 타임스퀘어R점,서울 영등포구 영등포동4가
스타벅스 한양대점,서울 성동구 행당동
스타벅스 북가좌DT점,서울 서대문구 북가좌동
스타벅스 낙성대DT점,서울 관악구 봉천동
스타벅스 홍대입구역사거리R점,서울 마포구 서교동
스타벅스 서울양평역점,서울 영등포구 양평동1가
스타벅스 뚝섬유원지역점,서울 광진구 자양동
스타벅스 목동10단지점,서울 양천구 신정동
스타벅스 강동구청DT점,서울 강동구 성내동
스타벅스 회기역사거리점,서울 동대문구 회기동
스타벅스 이수역점,서울 서초구 방배동
스타벅스 자양사거리점,서울 광진구 자양동
스타벅스 화곡역8번출구점,서울 강서구 화곡동
스타벅스 고척아이파크점,서울 구로구 고척동
스타벅스 학여울역점,서울 강남구 대치동
스타벅스 신사가로수점,서울 강남구 신사동
스타벅스 등촌대로점,서울 강서구 염창동
스타벅스 석촌역점,서울 송파구 석촌동
스타벅스 도곡역점,서울 강남구 대치동
스타벅스 약수역점,서울 중구 신당동
스타벅스 동대문두타점,서울 중구 을지로6가
스타벅스 가산디지털점,서울 금천구 가산동
스타벅스 상일동역점,서울 강동구 고덕동
스타벅스 방학역점,서울 도봉구 방학동
스타벅스 방화DT점,서울 강서구 방화동
스타벅스 서울대입구역점,서울 관악구 봉천동
스타벅스 연신내점,서울 은평구 갈현동
스타벅스 양재역점,서울 서초구 양재동
스타벅스 마로니에공원점,서울 종로구 동숭동
스타벅스 성수역점,서울 성동구 성수동2가
스타벅스 을지로4가역점,서울 중구 을지로4가
스타벅스 성신여대정문점,서울 성북구 동선동2가
스타벅스 건국대점,서울 광진구 화양동
스타벅스 강남대로점,서울 강남구 역삼동
스타벅스 당산대로점,서울 영등포구 당산동6가
스타벅스 가양역사거리점,서울 강서구 등촌동
스타벅스 현대디큐브B2점,서울 구로구 신도림동
스타벅스 상봉점,서울 중랑구 상봉동
스타벅스 신촌점,서울 서대문구 창천동
스타벅스 아차산역점,서울 광진구 구의동
스타벅스 명동중앙로점,서울 중구 명동2가
스타벅스 신촌오거리점,서울 마포구 노고산동
스타벅스 동대문공원점,서울 중구 광희동1가
스타벅스 영등포시장역점,서울 영등포구 영등포동7가
스타벅스 수서역R점,서울 강남구 수서동
스타벅스 천호사거리점,서울 강동구 천호동
스타벅스 용산전자랜드점,서울 용산구 한강로3가
스타벅스 타임스퀘어2F점,서울 영등포구 영등포동4가
스타벅스 여의도IFC(1F)점,서울 영등포구 여의도동
스타벅스 대학로점,서울 종로구 연건동
스타벅스 영등포구청역점,서울 영등포구 당산동3가
스타벅스 한티역점,서울 강남구 대치동
스타벅스 합정점,서울 마포구 합정동
스타벅스 염창역점,서울 강서구 염창동
스타벅스 인사점,서울 종로구 인사동
스타벅스 신사역점,서울 강남구 논현동
스타벅스 경복궁역점,서울 종로구 통의동
스타벅스 노원마들역점,서울 노원구 상계동
스타벅스 안국점,서울 종로구 재동
스타벅스 송파나루역DT점,서울 송파구 송파동
스타벅스 금천시흥점,서울 금천구 시흥동
스타벅스 노량진동점,서울 동작구 노량진동
스타벅스 압구정점,서울 강남구 신사동
스타벅스 몽촌토성역점,서울 송파구 방이동
스타벅스 옥수점,서울 성동구 옥수동
스타벅스 마곡역점,서울 강서구 마곡동
스타벅스 엔터식스점,서울 성동구 행당동
스타벅스 샛강역점,서울 영등포구 여의도동
스타벅스 삼성역섬유센터R점,서울 강남구 대치동
스타벅스 구산역점,서울 은평구 대조동
스타벅스 낙성대역점,서울 관악구 봉천동
스타벅스 강남세곡점,서울 강남구 세곡동
스타벅스 숭실대점,서울 동작구 상도동
스타벅스 상봉역점,서울 중랑구 상봉동
스타벅스 홍대동교점,서울 마포구 동교동
스타벅스 테헤란로아남타워점,서울 강남구 역삼동
스타벅스 이태원역점,서울 용산구 이태원동
스타벅스 숭실대입구역점,서울 동작구 상도동
스타벅스 쌍문도봉로점,서울 도봉구 창동
스타벅스 정부서울청사R점,서울 종로구 적선동
스타벅스 우장산역점,서울 강서구 내발산동
스타벅스 안암역점,서울 성북구 안암동5가
스타벅스 신월IC DT점,서울 양천구 신월동
스타벅스 신세계타임스퀘어1F점,서울 영등포구 영등포동4가
스타벅스 답십리역점,서울 동대문구 답십리동
스타벅스 서초중앙로점,서울 서초구 반포동
스타벅스 구의역점,서울 광진구 구의동
스타벅스 연신내역사거리점,서울 은평구 불광동
스타벅스 잠실역점,서울 송파구 신천동
스타벅스 센터필드R점,서울 강남구 역삼동
스타벅스 올림픽공원북2문점,서울 강동구 성내동
스타벅스 현대목동점,서울 양천구 목동
스타벅스 내발산점,서울 강서구 내발산동
스타벅스 묵동점,서울 중랑구 묵동
스타벅스 강일역점,서울 강동구 강일동
스타벅스 코엑스별마당점,서울 강남구 삼성동
스타벅스 대치삼성프라자점,서울 강남구 대치동
스타벅스 송파방이DT점,서울 송파구 방이동
스타벅스 신림타임스트림점,서울 관악구 신림동
스타벅스 도봉로DT점,서울 도봉구 쌍문동
스타벅스 상왕십리역점,서울 성동구 하왕십리동
스타벅스 서울고속터미널점,서울 서초구 반포동
스타벅스 구파발역점,서울 은평구 진관동
스타벅스 길동역점,서울 강동구 길동
스타벅스 압구정미소점,서울 강남구 신사동
스타벅스 하이브랜드점,서울 서초구 양재2동
스타벅스 화곡DT점,서울 강서구 화곡동
스타벅스 불광역점,서울 은평구 대조동
스타벅스 사당로데오점,서울 서초구 방배동
스타벅스 신설동역점,서울 동대문구 신설동
스타벅스 구로오류DT점,서울 구로구 오류동
스타벅스 동부이촌동점,서울 용산구 이촌동
스타벅스 한성대입구역점,서울 성북구 성북동1가
스타벅스 석촌호수점,서울 송파구 송파동
스타벅스 연희DT점,서울 서대문구 연희동
스타벅스 가양역점,서울 강서구 등촌동
스타벅스 금천독산점,서울 금천구 독산동
스타벅스 마리오아울렛점,서울 금천구 가산동
스타벅스 새절역점,서울 은평구 신사동
스타벅스 강남비젼타워점,서울 강남구 역삼동
스타벅스 서울역동자동점,서울 용산구 동자동
스타벅스 언주역점,서울 강남구 역삼동
스타벅스 신금호역점,서울 성동구 금호동1가
스타벅스 고대안암병원점,서울 성북구 안암동5가
스타벅스 광화문D타워점,서울 종로구 청진동
스타벅스 서래마을입구점,서울 서초구 반포동
스타벅스 녹번역점,서울 은평구 녹번동
스타벅스 가재울뉴타운점,서울 서대문구 남가좌동
스타벅스 태릉입구역DT점,서울 노원구 공릉동
스타벅스 이대역점,서울 서대문구 대현동
스타벅스 노원KT점,서울 노원구 상계동
스타벅스 뚝섬역점,서울 성동구 성수동1가
스타벅스 현대신촌점,서울 서대문구 창천동
스타벅스 강동암사DT점,서울 강동구 암사동
스타벅스 독산사거리점,서울 금천구 독산동
스타벅스 대치한티점,서울 강남구 대치동
스타벅스 서울세관사거리점,서울 강남구 논현동
스타벅스 오류동역점,서울 구로구 오류동
스타벅스 반포역점,서울 서초구 잠원동
스타벅스 파라스파라서울점,서울 강북구 우이동
스타벅스 남부터미널2점,서울 서초구 서초동
스타벅스 외대정문점,서울 동대문구 이문동
스타벅스 망원역점,서울 마포구 서교동
스타벅스 국회대로점,서울 영등포구 여의도동
스타벅스 상암DMC점,서울 마포구 상암동
스타벅스 신정DT점,서울 양천구 신정동
스타벅스 선릉세화빌딩점,서울 강남구 대치동
스타벅스 충정로역점,서울 서대문구 충정로3가
스타벅스 여의도ABL타워점,서울 영등포구 여의도동
스타벅스 마곡나루역점,서울 강서구 마곡동
스타벅스 강남우성점,서울 강남구 역삼동
스타벅스 신당역사거리점,서울 중구 흥인동
스타벅스 강남오거리점,서울 강남구 역삼동
스타벅스 상도역점,서울 동작구 상도1동
스타벅스 방이역점,서울 송파구 오금동
스타벅스 홍대역8번출구점,서울 마포구 동교동
스타벅스 문정하비오점,서울 송파구 문정동
스타벅스 군자사거리점,서울 광진구 중곡동
스타벅스 양천향교역점,서울 강서구 마곡동
스타벅스 여의도역R점,서울 영등포구 여의도동
스타벅스 명일역점,서울 강동구 명일동
스타벅스 가락시장역점,서울 송파구 가락동
스타벅스 당산역사거리점,서울 영등포구 당산동5가
스타벅스 소공로점,서울 중구 소공동
스타벅스 남성역점,서울 동작구 사당동
스타벅스 강남역신분당역사점,서울 강남구 역삼동
스타벅스 서초우성사거리점,서울 서초구 서초동
스타벅스 숙명여대정문점,서울 용산구 청파동2가
스타벅스 문래역점,서울 영등포구 문래동3가
스타벅스 숙대입구역점,서울 용산구 갈월동
스타벅스 대우재단빌딩점,서울 중구 남대문로5가
스타벅스 경희궁로점,서울 종로구 당주동
스타벅스 광장점,서울 광진구 광장동
스타벅스 삼성역점,서울 강남구 대치동
스타벅스 신대방삼거리역점,서울 동작구 상도동
스타벅스 학동사거리점,서울 강남구 논현2동
스타벅스 순천향입구점,서울 용산구 한남동
스타벅스 학동역점,서울 강남구 논현동
스타벅스 송파사거리점,서울 송파구 송파동
스타벅스 중랑역점,서울 중랑구 상봉동
스타벅스 타임스퀘어B2점,서울 영등포구 영등포동4가
스타벅스 연희동점,서울 서대문구 연희동
스타벅스 은행사거리점,서울 노원구 중계동
스타벅스 천호역점,서울 강동구 성내동
스타벅스 신사역성일빌딩점,서울 강남구 논현동
스타벅스 신세계본점6F점,서울 중구 충무로1가
스타벅스 구로NC점,서울 구로구 구로동
스타벅스 중화역점,서울 중랑구 중화동
스타벅스 가락본동점,서울 송파구 가락동
스타벅스 건국클래식점,서울 광진구 자양동
스타벅스 마포일진빌딩점,서울 마포구 도화동
스타벅스 화곡동점,서울 강서구 화곡동
스타벅스 장위뉴타운점,서울 성북구 장위동
스타벅스 중계역점,서울 노원구 상계동
스타벅스 동숭길입구점,서울 종로구 혜화동
스타벅스 독산역점,서울 금천구 가산동
스타벅스 숙대점,서울 용산구 청파동3가
스타벅스 중곡역점,서울 광진구 중곡동
스타벅스 서울타워점,서울 용산구 용산동2가
스타벅스 상계초교사거리점,서울 노원구 상계동
스타벅스 경리단길점,서울 용산구 이태원동
스타벅스 명일이마트점,서울 강동구 명일동
스타벅스 석촌서호점,서울 송파구 삼전동
스타벅스 송파위례점,서울 송파구 장지동
스타벅스 종로플레이스점,서울 종로구 인의동
스타벅스 은평이마트점,서울 은평구 응암동
